{"cameraMode":{"drawMode":0,"name":"Shaded","section":"Shading Mode"},"sceneLighting":true,"audioPlay":false,"sceneViewState":{"showFog":true,"showMaterialUpdate":false,"showSkybox":true,"showFlares":true,"showImageEffects":true,"showParticleSystems":true},"in2DMode":false,"pivot":{"x":-144.1771240234375,"y":-1.7337775230407715,"z":-9.498611450195313},"rotation":{"x":0.0224437415599823,"y":0.9459757208824158,"z":-0.06709632277488709,"w":0.31642982363700869},"size":21.67962646484375,"orthographic":false}