{"cameraMode":{"drawMode":0,"name":"Shaded","section":"Shading Mode"},"sceneLighting":false,"audioPlay":false,"sceneViewState":{"showFog":false,"showMaterialUpdate":false,"showSkybox":false,"showFlares":false,"showImageEffects":false,"showParticleSystems":false},"in2DMode":false,"pivot":{"x":-156.2458953857422,"y":3.422661542892456,"z":-35.50779724121094},"rotation":{"x":0.015909038484096528,"y":-0.9840288758277893,"z":0.1195501983165741,"w":0.1309482604265213},"size":8.24636459350586,"orthographic":true}